year,master_chronology1,61258
649,1.936838481,NA
650,1.605328427,NA
651,1.079118093,NA
652,0.424857487,NA
653,-0.415379142,NA
654,-0.31108195,NA
655,0.369677032,NA
656,0.48068699,NA
657,0.010854986,NA
658,0.230856345,NA
659,1.772309398,NA
660,1.556165602,NA
661,1.823282499,NA
662,1.0222408,NA
663,1.292814337,NA
664,1.034969212,NA
665,0.901032981,NA
666,1.13027091,NA
667,1.715414673,NA
668,0.993393389,NA
669,1.850822571,NA
670,2.442041392,NA
671,0.857572185,NA
672,0.700019051,NA
673,1.138055918,NA
674,1.250789931,NA
675,-0.097870558,NA
676,0.453070437,NA
677,-0.333305342,NA
678,0.504733741,NA
679,1.899954477,NA
680,0.051051639,NA
681,1.78828375,NA
682,0.86615834,NA
683,0.809999495,NA
684,-0.178119801,NA
685,0.901369303,NA
686,0.716136721,NA
687,1.536897697,NA
688,1.731422168,NA
689,2.000601153,NA
690,2.620271926,NA
691,0.537737633,NA
692,0.400781936,NA
693,2.190152718,NA
694,0.103830399,NA
695,0.355241377,NA
696,0.983944721,NA
697,0.376496977,NA
698,1.662446171,NA
699,0.952252259,NA
700,-0.322735529,NA
701,0.089002856,NA
702,1.467448995,NA
703,2.252157677,NA
704,1.659527541,NA
705,0.490924974,NA
706,0.762300621,NA
707,1.794865524,NA
708,2.537889544,NA
709,0.842956782,NA
710,2.057922679,NA
711,-0.344389753,NA
712,-0.48525862,NA
713,-0.341097262,NA
714,0.274200499,NA
715,0.322065686,NA
716,3.368399598,NA
717,-0.049570852,NA
718,0.373415028,NA
719,3.251336099,NA
720,1.365383313,NA
721,1.829605354,NA
722,2.157757686,NA
723,-0.139121435,NA
724,1.218136579,NA
725,-0.544345511,NA
726,0.064477872,NA
727,0.914596926,NA
728,0.649899011,NA
729,1.036652942,NA
730,1.76007394,NA
731,-0.182434566,NA
732,1.03302386,NA
733,2.130129123,NA
734,0.68717247,NA
735,1.767594226,NA
736,0.995441848,NA
737,1.835161175,NA
738,1.557849091,NA
739,0.905291603,NA
740,0.585177091,NA
741,0.855248064,NA
742,0.818274312,NA
743,0.024618493,NA
744,0.239065662,NA
745,1.89684527,NA
746,1.794487181,NA
747,0.174506424,NA
748,1.331556949,NA
749,0.382927418,NA
750,2.171820892,NA
751,0.560414978,NA
752,1.085538856,NA
753,2.875252279,NA
754,-0.15949213,NA
755,-0.051524125,NA
756,-0.468866232,NA
757,0.367255041,NA
758,2.645366881,NA
759,4.432402994,NA
760,0.447574458,NA
761,-0.09135421,NA
762,-0.37135145,NA
763,0.244054784,NA
764,-0.795945098,NA
765,0.933540304,NA
766,0.945705247,NA
767,0.83824336,NA
768,5.680561887,NA
769,0.209277983,NA
770,0.998694977,NA
771,0.838952668,NA
772,-0.175410703,NA
773,0.731283277,NA
774,3.057350309,NA
775,0.765926287,NA
776,-0.207099363,NA
777,0.07148187,NA
778,2.316870634,NA
779,0.24663387,NA
780,0.969407064,NA
781,3.117575648,NA
782,0.218462642,NA
783,-0.418744138,NA
784,0.906228177,NA
785,0.776436728,NA
786,0.7128125,NA
787,2.191914188,NA
788,1.128279359,NA
789,1.510646506,NA
790,0.061632346,NA
791,1.240434104,NA
792,-0.036048247,NA
793,1.728762978,NA
794,-0.493230684,NA
795,1.607305437,NA
796,0.438031541,NA
797,2.527895514,NA
798,1.770466813,NA
799,-0.452483596,NA
800,3.885439952,NA
801,0.399065598,NA
802,0.180788384,NA
803,1.87341131,NA
804,1.270318124,NA
805,-0.229879568,NA
806,0.067488371,NA
807,0.689325572,NA
808,1.026996722,NA
809,1.260174917,NA
810,0.169073135,NA
811,0.567125637,NA
812,2.182080758,NA
813,1.875140402,NA
814,1.520219623,NA
815,0.650656554,NA
816,0.909239743,NA
817,0.750250714,NA
818,0.622680421,NA
819,-0.004971684,NA
820,2.474370724,NA
821,1.057262941,NA
822,0.729359084,NA
823,1.330433356,NA
824,1.69506719,NA
825,1.006618996,NA
826,1.625516248,NA
827,1.508348743,NA
828,-0.046644417,NA
829,0.257004141,NA
830,-0.092835819,NA
831,1.062002993,NA
832,-0.144830558,NA
833,1.053064601,NA
834,1.501883306,NA
835,2.488369496,NA
836,1.094045677,NA
837,1.350434999,NA
838,1.161152707,NA
839,1.155748943,NA
840,2.113582534,NA
841,0.099174938,NA
842,0.723724743,NA
843,0.815686897,NA
844,-0.435966609,NA
845,1.087035753,NA
846,0.740320449,NA
847,2.737718243,NA
848,0.805524619,NA
849,0.011177175,NA
850,0.625593476,NA
851,4.076412508,NA
852,0.381066157,NA
853,-0.208718668,NA
854,0.431851073,NA
855,2.171620553,NA
856,-0.002368506,NA
857,-0.186138288,NA
858,2.280522748,NA
859,0.763749939,NA
860,-0.098110016,NA
861,2.031706908,NA
862,1.514701929,NA
863,0.086750584,NA
864,3.221671727,NA
865,2.928132091,NA
866,-0.022471194,NA
867,-0.359348951,NA
868,-0.068480752,NA
869,0.201170319,NA
870,2.079795077,NA
871,0.623424874,NA
872,0.867600812,NA
873,-0.038032036,NA
874,1.206330206,NA
875,1.1594402,NA
876,2.212478771,NA
877,3.46667494,NA
878,1.733893917,NA
879,-0.518654222,NA
880,0.569626842,NA
881,-0.172603317,NA
882,-0.016173887,NA
883,0.190182534,NA
884,0.463735372,NA
885,1.199699645,NA
886,2.048918409,NA
887,1.704018375,NA
888,2.934641141,NA
889,2.109480744,NA
890,-0.222904197,NA
891,0.117237456,NA
892,0.131757923,NA
893,1.046026682,NA
894,-0.136440838,NA
895,1.533823395,NA
896,3.022356654,NA
897,-0.482472345,NA
898,1.473587835,NA
899,0.930900256,NA
900,2.244371696,NA
901,1.358029693,NA
902,0.981736807,NA
903,0.202965187,NA
904,-0.358893215,NA
905,0.914592554,NA
906,0.179685454,NA
907,-0.356675615,NA
908,2.036762239,NA
909,1.381733837,NA
910,4.240943971,NA
911,0.056482366,NA
912,0.489278302,NA
913,0.886600203,NA
914,2.109956577,NA
915,0.037001995,NA
916,-0.557160957,NA
917,1.661336747,NA
918,1.935227029,NA
919,0.289509875,NA
920,2.889483969,NA
921,0.797647618,NA
922,0.95711428,NA
923,0.209546786,NA
924,0.048353679,NA
925,0.451903938,NA
926,0.62589459,NA
927,2.821951086,NA
928,1.267306696,NA
929,-0.359532438,NA
930,1.513919052,NA
931,2.021134591,NA
932,0.847745352,NA
933,1.332414338,NA
934,0.772330765,NA
935,2.44472679,NA
936,-0.43405128,NA
937,1.108214102,NA
938,-0.401141975,NA
939,1.485201622,NA
940,-0.406660963,NA
941,0.598032516,NA
942,1.563333727,NA
943,1.747626913,NA
944,1.524841311,NA
945,1.962600381,NA
946,0.863394351,NA
947,0.982720542,NA
948,0.205802066,NA
949,0.807430331,NA
950,1.418027136,NA
951,1.465468257,NA
952,1.202063091,NA
953,1.134644255,NA
954,1.265035058,NA
955,1.09225173,NA
956,0.172816005,NA
957,1.324913053,NA
958,1.653092879,NA
959,0.751975428,NA
960,-0.047755606,NA
961,0.142415013,NA
962,1.496010878,NA
963,0.277550822,NA
964,0.530278209,NA
965,2.216630969,NA
966,2.267233959,NA
967,1.746922724,NA
968,0.725591359,NA
969,2.146506682,NA
970,0.784365309,NA
971,0.077915405,NA
972,-0.211449561,NA
973,0.565134829,NA
974,0.183280877,NA
975,0.205977463,NA
976,1.931374122,NA
977,1.551817666,NA
978,1.584379355,NA
979,1.976780571,NA
980,1.697078412,NA
981,1.508741634,NA
982,0.352745009,NA
983,1.249752939,NA
984,-0.330251522,NA
985,0.784514211,NA
986,0.010729511,NA
987,0.415039812,NA
988,2.876346242,NA
989,0.501600059,NA
990,1.639965014,NA
991,0.201312717,NA
992,2.158483583,NA
993,1.323296319,NA
994,1.386950754,NA
995,0.124025439,NA
996,-0.282215933,NA
997,0.104040842,NA
998,0.983441648,NA
999,0.23068277,NA
1000,2.457851214,NA
1001,1.208813936,NA
1002,3.568955302,NA
1003,0.597287758,NA
1004,0.270130827,NA
1005,0.200515272,NA
1006,1.899142366,NA
1007,-0.337905887,NA
1008,1.846040705,NA
1009,1.297813592,NA
1010,0.677651284,NA
1011,2.461565306,NA
1012,0.805167591,NA
1013,1.237109434,NA
1014,0.808591215,NA
1015,0.055383965,NA
1016,0.149464562,NA
1017,0.205871761,NA
1018,-0.612304305,NA
1019,2.211460269,NA
1020,1.619734571,NA
1021,0.879543846,NA
1022,2.237069107,NA
1023,0.600223764,NA
1024,1.713993859,NA
1025,1.817442851,NA
1026,2.119745729,NA
1027,0.164747861,NA
1028,1.042447831,NA
1029,-0.181698597,NA
1030,0.310895982,NA
1031,0.556597413,NA
1032,1.264899384,NA
1033,0.290722638,NA
1034,0.706964632,NA
1035,1.8108404,NA
1036,0.845557525,NA
1037,1.690475367,NA
1038,1.234305332,NA
1039,1.365734227,NA
1040,1.248606041,NA
1041,0.363228158,NA
1042,0.635082512,NA
1043,0.7074915,NA
1044,1.582224349,NA
1045,1.771540305,NA
1046,1.930832239,NA
1047,1.613247587,NA
1048,0.236168198,NA
1049,-0.080959481,NA
1050,0.492647903,NA
1051,-0.443793521,NA
1052,0.390804908,NA
1053,3.164285287,NA
1054,2.906669273,NA
1055,1.445271024,NA
1056,0.228867271,NA
1057,1.417299674,NA
1058,-0.128418371,NA
1059,1.988027142,NA
1060,0.01515313,NA
1061,0.388903296,NA
1062,0.034184929,NA
1063,0.466732862,NA
1064,-0.573539726,NA
1065,1.750715685,NA
1066,1.410034671,NA
1067,3.6371859,NA
1068,0.853207119,NA
1069,2.286479172,NA
1070,0.768999296,NA
1071,0.401614496,NA
1072,0.479265127,NA
1073,0.609042889,NA
1074,-0.583175095,NA
1075,-0.080292791,NA
1076,1.481434843,NA
1077,0.259511479,NA
1078,3.847383765,NA
1079,2.017780412,NA
1080,2.07242478,NA
1081,0.673455475,NA
1082,0.412587265,NA
1083,-0.10688925,NA
1084,0.178898178,NA
1085,1.734725581,NA
1086,2.129877289,NA
1087,-0.087774057,NA
1088,2.41677069,NA
1089,0.652373654,NA
1090,0.293167652,NA
1091,-0.115171874,NA
1092,0.281053058,NA
1093,1.813075636,NA
1094,0.352578123,NA
1095,1.161747324,NA
1096,0.774142822,NA
1097,0.063491202,NA
1098,2.03365517,NA
1099,0.972404965,NA
1100,-0.392056207,NA
1101,0.100648316,NA
1102,0.344716653,NA
1103,1.647729518,NA
1104,4.48627602,NA
1105,1.137168422,NA
1106,1.915544277,NA
1107,-0.089415217,NA
1108,0.249458171,NA
1109,0.760598144,NA
1110,1.583723993,NA
1111,0.917777853,NA
1112,0.433074127,NA
1113,0.692056257,NA
1114,1.857740876,NA
1115,0.395994493,NA
1116,0.587111313,NA
1117,0.617643008,NA
1118,2.461551479,NA
1119,1.429599104,NA
1120,0.14134299,NA
1121,-0.468361422,NA
1122,2.307312815,NA
1123,1.377228704,NA
1124,3.031150508,NA
1125,1.69582886,NA
1126,0.518951644,NA
1127,0.490712038,NA
1128,-0.322808993,NA
1129,0.137513985,NA
1130,1.71391436,NA
1131,0.047821311,NA
1132,0.36383131,NA
1133,3.367672604,NA
1134,0.184164714,NA
1135,0.614311773,NA
1136,0.672117646,NA
1137,0.020461201,NA
1138,-0.059165543,NA
1139,2.239854517,NA
1140,0.58280239,NA
1141,-0.33430945,NA
1142,2.386967652,NA
1143,2.844614487,NA
1144,1.50761662,NA
1145,0.050557379,NA
1146,1.193372361,NA
1147,1.031506283,NA
1148,0.691601961,NA
1149,2.11374687,NA
1150,1.344110558,NA
1151,0.980351677,NA
1152,0.460210879,NA
1153,0.696906668,NA
1154,0.878557637,NA
1155,1.178861061,NA
1156,-0.336263678,NA
1157,1.213869345,NA
1158,1.026032575,NA
1159,0.549899114,NA
1160,0.434302087,NA
1161,0.954447307,NA
1162,1.650493729,NA
1163,1.857565465,NA
1164,0.46036897,NA
1165,2.738914889,NA
1166,-0.159172171,NA
1167,1.237341668,NA
1168,0.971910315,NA
1169,0.907054643,NA
1170,1.373094247,NA
1171,1.958203995,NA
1172,0.681823025,NA
1173,1.211948601,NA
1174,0.718155891,NA
1175,1.006380373,NA
1176,1.062944718,NA
1177,1.10490343,NA
1178,0.927373574,NA
1179,-0.278769278,NA
1180,1.405284406,NA
1181,1.555436027,NA
1182,0.473219995,NA
1183,1.196778063,NA
1184,-0.014709953,NA
1185,1.758110809,NA
1186,2.604433743,NA
1187,0.819294702,NA
1188,1.00865474,NA
1189,0.909459458,NA
1190,-0.025906179,NA
1191,0.95477146,NA
1192,1.079022814,NA
1193,0.153111433,NA
1194,0.297869187,NA
1195,1.162074599,NA
1196,0.600963451,NA
1197,2.794410777,NA
1198,1.248749159,NA
1199,0.302958994,NA
1200,1.554169506,NA
1201,1.419923149,NA
1202,1.229017389,NA
1203,0.882115948,NA
1204,1.051256191,NA
1205,0.112080265,NA
1206,0.470300266,NA
1207,0.150195043,NA
1208,0.609344276,NA
1209,0.309970121,NA
1210,0.609822896,NA
1211,0.371279938,NA
1212,0.698428264,NA
1213,0.399219572,NA
1214,0.807185165,NA
1215,5.876487412,NA
1216,1.167138229,NA
1217,0.527351969,NA
1218,1.241346584,NA
1219,1.03611788,NA
1220,0.273335027,NA
1221,1.010239655,NA
1222,0.276355627,NA
1223,-0.256904261,NA
1224,0.640089627,NA
1225,0.709833106,NA
1226,1.561121133,NA
1227,0.360317451,NA
1228,-0.03837127,NA
1229,0.109196557,NA
1230,1.541196928,NA
1231,1.857005025,NA
1232,2.782988676,NA
1233,1.658181013,NA
1234,3.067872168,NA
1235,0.379651646,NA
1236,0.482003583,NA
1237,0.316833904,NA
1238,-0.073594642,NA
1239,0.948046239,NA
1240,0.738287711,NA
1241,-0.201199839,NA
1242,0.84632294,NA
1243,1.587746579,NA
1244,0.999603398,NA
1245,2.165793182,NA
1246,2.302152773,NA
1247,1.589232188,NA
1248,1.981995174,NA
1249,0.158968193,NA
1250,0.180924109,NA
1251,0.459407445,NA
1252,0.297477775,NA
1253,0.582474838,NA
1254,-0.067350023,NA
1255,-0.106008111,NA
1256,1.408269281,NA
1257,1.47580012,NA
1258,1.334336506,NA
1259,1.367998246,NA
1260,2.372499891,NA
1261,2.027533484,NA
1262,0.591318346,NA
1263,0.925937584,NA
1264,1.196313894,NA
1265,1.849312094,NA
1266,0.795098858,NA
1267,0.767513114,NA
1268,0.100890727,NA
1269,-0.194649907,NA
1270,-0.513533485,NA
1271,2.906907771,NA
1272,1.564869686,NA
1273,0.444273566,NA
1274,0.260796299,NA
1275,1.321265929,NA
1276,1.418456884,NA
1277,3.345380777,NA
1278,0.72689707,NA
1279,0.394138299,NA
1280,-0.114301629,NA
1281,1.415785144,NA
1282,-0.195072092,NA
1283,1.120629135,NA
1284,0.305023676,NA
1285,1.366519098,NA
1286,1.498518117,NA
1287,1.472422425,NA
1288,1.500794851,NA
1289,1.100577694,NA
1290,1.37403747,NA
1291,1.621616204,NA
1292,1.385292781,NA
1293,0.499609447,NA
1294,0.125439134,NA
1295,0.312324932,NA
1296,0.222816666,NA
1297,2.744747505,NA
1298,2.1169453,NA
1299,0.879790556,NA
1300,0.54532052,NA
1301,1.199826603,NA
1302,2.016392116,NA
1303,0.572123542,NA
1304,-0.019153519,NA
1305,1.124182445,NA
1306,0.029636448,NA
1307,0.5696867,NA
1308,0.78621648,NA
1309,1.456524242,NA
1310,0.142588765,NA
1311,3.449163645,NA
1312,-0.010399427,NA
1313,1.016100347,NA
1314,0.954750918,NA
1315,0.694472806,NA
1316,3.445039452,NA
1317,1.493893545,NA
1318,0.61008818,NA
1319,0.618082507,NA
1320,0.823135421,NA
1321,0.433059655,NA
1322,0.903438234,NA
1323,0.52760017,NA
1324,1.56037563,NA
1325,1.646487444,NA
1326,1.265368122,NA
1327,1.494881765,NA
1328,-0.507684962,NA
1329,-0.664778559,NA
1330,1.89979736,NA
1331,2.664103058,NA
1332,-0.575279726,NA
1333,0.333317577,NA
1334,0.55550546,NA
1335,-0.008640367,NA
1336,1.812563226,NA
1337,0.854710403,NA
1338,1.237428485,NA
1339,3.909157105,NA
1340,1.496775794,NA
1341,0.848460168,NA
1342,1.47296411,NA
1343,-0.054165196,NA
1344,-0.090915614,NA
1345,0.313968905,NA
1346,1.237048283,NA
1347,-0.419542806,NA
1348,0.600252207,NA
1349,0.665982072,NA
1350,0.955171621,NA
1351,1.978833683,NA
1352,1.32676882,NA
1353,1.099345617,NA
1354,1.414842002,NA
1355,2.203604705,NA
1356,1.24772627,NA
1357,0.650206952,NA
1358,0.42263726,NA
1359,0.153905574,NA
1360,1.259257224,NA
1361,2.070331186,NA
1362,1.399659078,NA
1363,-0.418833131,NA
1364,0.236643445,NA
1365,1.243097604,NA
1366,1.318901612,NA
1367,-0.076255275,NA
1368,1.023627483,NA
1369,1.546386816,NA
1370,0.945273025,NA
1371,1.366373285,NA
1372,1.986665986,NA
1373,1.790577301,NA
1374,1.318219657,NA
1375,1.419181788,NA
1376,0.427772913,NA
1377,0.445761529,NA
1378,0.462639169,NA
1379,0.554631256,NA
1380,-0.331486329,NA
1381,-0.043735562,NA
1382,-0.147368987,NA
1383,3.486064703,NA
1384,-0.141488327,NA
1385,0.307287051,NA
1386,1.814031331,NA
1387,3.437823695,NA
1388,0.345573129,NA
1389,2.402547632,NA
1390,-0.122105625,NA
1391,2.472732232,NA
1392,-0.62902698,NA
1393,-0.212307931,NA
1394,0.257318693,NA
1395,0.749845396,NA
1396,1.740311484,NA
1397,2.379653807,NA
1398,0.350864642,NA
1399,1.038095388,NA
1400,1.634486623,NA
1401,0.43152781,NA
1402,1.255648572,NA
1403,-0.003228445,NA
1404,0.010583725,NA
1405,0.107806597,NA
1406,1.589432749,NA
1407,1.184108803,NA
1408,2.295523315,NA
1409,1.747545213,NA
1410,0.874168486,NA
1411,1.258433461,NA
1412,-0.079767541,NA
1413,0.627038891,NA
1414,-0.494644053,NA
1415,1.822566744,NA
1416,1.74694311,NA
1417,1.95905904,NA
1418,2.215774607,NA
1419,2.106097194,NA
1420,0.289958523,NA
1421,1.039775104,NA
1422,0.092389431,NA
1423,0.265679293,NA
1424,0.958421054,NA
1425,0.422366034,NA
1426,0.986485574,NA
1427,0.961169962,NA
1428,0.734595978,NA
1429,-0.245637145,NA
1430,0.536340654,NA
1431,2.033793773,NA
1432,1.690088664,NA
1433,0.654904616,NA
1434,0.971632732,NA
1435,1.298813538,NA
1436,0.708118373,NA
1437,1.914687304,NA
1438,0.364547732,NA
1439,0.969916343,NA
1440,0.858004823,NA
1441,-0.137029247,NA
1442,0.669684423,NA
1443,1.545691898,NA
1444,1.534291653,NA
1445,0.307323785,NA
1446,1.049759425,NA
1447,0.5030972,NA
1448,0.461769743,NA
1449,1.331960831,NA
1450,1.168463656,NA
1451,1.589930489,NA
1452,1.662633962,NA
1453,1.499018735,NA
1454,-0.002315446,NA
1455,0.953302598,NA
1456,0.940620303,NA
1457,0.428815801,NA
1458,0.102858046,NA
1459,2.010021122,NA
1460,1.504677248,NA
1461,0.944763243,NA
1462,1.983337277,NA
1463,1.03743458,NA
1464,1.285616141,NA
1465,0.112742183,NA
1466,0.50100996,NA
1467,0.329663755,NA
1468,0.103865576,NA
1469,0.645123468,NA
1470,0.433394566,NA
1471,0.54020831,NA
1472,0.665582556,NA
1473,0.853882446,NA
1474,1.725960966,NA
1475,2.211811538,NA
1476,0.86440056,NA
1477,1.919801028,NA
1478,0.131035346,NA
1479,1.297723562,NA
1480,1.611861752,NA
1481,0.153342451,NA
1482,0.965916843,NA
1483,0.576486713,NA
1484,1.005503799,NA
1485,1.522430849,NA
1486,1.214484364,NA
1487,1.898403354,NA
1488,-0.185693534,NA
1489,0.455855411,NA
1490,0.009974366,NA
1491,1.176841602,NA
1492,1.215996958,NA
1493,-0.018656885,NA
1494,1.372992533,NA
1495,1.998039332,NA
1496,0.548023176,NA
1497,1.917793693,NA
1498,0.504305154,NA
1499,1.454727562,NA
1500,0.370716113,NA
1501,1.239980137,NA
1502,1.197554762,NA
1503,2.112860997,NA
1504,0.706260802,NA
1505,0.852218998,NA
1506,1.018221385,NA
1507,0.831302949,NA
1508,0.746259998,NA
1509,0.431183921,NA
1510,0.319511941,NA
1511,0.682253295,NA
1512,1.080094758,NA
1513,2.060523321,NA
1514,0.478059491,NA
1515,0.670467753,NA
1516,1.515201333,NA
1517,0.550296805,NA
1518,0.350509405,NA
1519,0.464106406,NA
1520,0.729332159,NA
1521,2.107942376,NA
1522,1.716341744,NA
1523,0.691852757,NA
1524,1.420223856,NA
1525,1.305606787,NA
1526,2.412229323,NA
1527,0.037384094,NA
1528,1.206921943,NA
1529,2.666561477,NA
1530,0.219061075,NA
1531,2.009846681,NA
1532,0.01921341,NA
1533,-0.424283434,NA
1534,-0.153737364,NA
1535,0.644429111,NA
1536,2.419469141,NA
1537,-0.418055854,NA
1538,1.919463315,NA
1539,0.62122504,NA
1540,0.146516684,NA
1541,-0.025681858,NA
1542,0.883801612,NA
1543,2.051763234,NA
1544,2.141553162,NA
1545,-0.336639748,NA
1546,1.328651732,NA
1547,-0.152995797,NA
1548,1.961992476,NA
1549,1.460075181,NA
1550,1.833645234,NA
1551,0.014031493,NA
1552,-0.148301478,NA
1553,-0.204552087,NA
1554,1.763598624,NA
1555,2.26644431,NA
1556,1.545879535,NA
1557,1.982001467,NA
1558,2.038910107,NA
1559,1.096899864,NA
1560,0.756379599,NA
1561,0.76964248,NA
1562,1.023481062,NA
1563,-0.425551369,NA
1564,-0.384243879,NA
1565,-0.330866414,NA
1566,-0.389166729,NA
1567,1.72876359,NA
1568,-0.482973084,NA
1569,3.489831184,NA
1570,1.003889817,NA
1571,4.598684857,NA
1572,0.489469453,NA
1573,0.564513423,NA
1574,-0.290861135,NA
1575,0.13721267,NA
1576,0.222680898,NA
1577,4.189376641,NA
1578,0.201312064,NA
1579,-0.294240983,NA
1580,1.543465637,NA
1581,0.394215873,NA
1582,3.134136021,NA
1583,2.037763876,NA
1584,0.082434864,NA
1585,0.366573721,NA
1586,-0.480375586,NA
1587,-0.386852527,NA
1588,0.32539721,NA
1589,1.070175968,NA
1590,-0.221143835,NA
1591,1.921765194,NA
1592,1.471494994,NA
1593,2.376389578,NA
1594,2.043055561,NA
1595,1.755285966,NA
1596,-0.148962187,NA
1597,-0.279548853,NA
1598,2.007947023,NA
1599,0.382388355,NA
1600,2.956627354,NA
1601,0.462362134,NA
1602,1.486535896,NA
1603,-0.237928706,NA
1604,1.069466832,NA
1605,0.796851315,NA
1606,-0.249799678,NA
1607,0.734393849,NA
1608,2.152612058,NA
1609,-0.131429612,NA
1610,0.097127025,NA
1611,3.117539768,NA
1612,1.900424961,NA
1613,0.453354711,NA
1614,2.057103229,NA
1615,0.397944529,NA
1616,1.231755,NA
1617,0.720664359,NA
1618,1.107681877,NA
1619,0.575916365,NA
1620,0.311836687,NA
1621,0.304755058,NA
1622,0.350638653,NA
1623,0.178127909,NA
1624,1.803213331,NA
1625,0.384175956,NA
1626,1.807956833,NA
1627,0.498295687,NA
1628,0.317423019,NA
1629,2.725390972,NA
1630,0.121535253,NA
1631,1.668706052,NA
1632,1.699057106,NA
1633,0.966344716,NA
1634,1.013470984,NA
1635,1.030690916,NA
1636,1.007695833,NA
1637,1.174075095,NA
1638,0.271055368,NA
1639,1.360747598,NA
1640,0.624606675,NA
1641,0.435652968,NA
1642,1.882940854,NA
1643,1.313011672,NA
1644,0.774743347,NA
1645,-0.203851614,NA
1646,1.105534782,NA
1647,0.381623961,NA
1648,0.545262334,NA
1649,0.504235933,NA
1650,0.744731209,NA
1651,1.530293552,NA
1652,2.401593217,NA
1653,1.067258366,NA
1654,1.947473995,NA
1655,1.467027826,NA
1656,1.464365378,NA
1657,0.244271568,NA
1658,0.36901229,NA
1659,0.377809252,NA
1660,0.853374916,NA
1661,-0.292627663,NA
1662,1.674513794,NA
1663,0.621400564,NA
1664,1.327910819,NA
1665,2.108280757,NA
1666,2.011784996,NA
1667,0.413182843,NA
1668,0.222414946,NA
1669,1.334848574,NA
1670,1.993897395,NA
1671,1.711360917,NA
1672,0.433642785,NA
1673,1.150271585,NA
1674,0.776998649,NA
1675,0.048745383,NA
1676,-0.194857746,NA
1677,0.419093833,NA
1678,0.323990229,NA
1679,1.422692633,NA
1680,1.226127177,NA
1681,3.146511037,NA
1682,0.948573644,NA
1683,0.632877745,NA
1684,2.245367786,NA
1685,0.765589158,NA
1686,0.017147991,NA
1687,-0.155676957,NA
1688,3.052762811,NA
1689,-0.120902056,NA
1690,0.607342353,NA
1691,0.728230942,NA
1692,2.704245133,NA
1693,1.645731016,NA
1694,-0.351908654,NA
1695,1.219675576,NA
1696,0.626193811,NA
1697,0.65309043,NA
1698,0.453783616,NA
1699,1.813372823,NA
1700,-0.046153282,NA
1701,1.759972003,NA
1702,0.517018691,NA
1703,0.502159565,NA
1704,2.030504848,NA
1705,0.257881563,NA
1706,0.180299005,NA
1707,-0.396899456,NA
1708,1.983165996,NA
1709,2.287093831,NA
1710,3.115079501,NA
1711,0.383217197,NA
1712,1.088973411,NA
1713,2.032948546,NA
1714,0.313994889,NA
1715,0.480990111,NA
1716,0.175544779,NA
1717,0.268359628,NA
1718,1.726668401,NA
1719,0.013912033,NA
1720,-0.195741438,NA
1721,-0.226988899,NA
1722,0.976032375,NA
1723,0.279650149,NA
1724,2.612453819,NA
1725,0.784009341,NA
1726,1.567628681,NA
1727,2.608488583,NA
1728,1.304686767,NA
1729,1.27783833,NA
1730,0.514792992,NA
1731,0.797334719,NA
1732,0.2442762,NA
1733,0.359340581,NA
1734,1.915159677,NA
1735,-0.104930417,NA
1736,0.221127847,NA
1737,3.512819608,NA
1738,0.855241012,NA
1739,0.41282914,NA
1740,0.406926463,NA
1741,0.640336645,NA
1742,2.551637836,NA
1743,0.86410952,NA
1744,0.661056394,NA
1745,0.227591521,NA
1746,-0.136845176,NA
1747,0.597171838,NA
1748,0.968052508,NA
1749,1.780807445,NA
1750,0.8361567,NA
1751,1.744405293,NA
1752,2.270039519,NA
1753,-0.481018178,NA
1754,0.961735307,NA
1755,1.940675696,NA
1756,1.73803468,NA
1757,0.774267287,NA
1758,1.380378139,NA
1759,0.020557828,NA
1760,-0.348645536,NA
1761,1.334643283,NA
1762,0.131997571,NA
1763,0.633789941,NA
1764,0.346348278,NA
1765,1.454456417,NA
1766,1.480987492,NA
1767,2.176704652,NA
1768,2.009240724,NA
1769,1.147187173,NA
1770,0.810422852,NA
1771,1.25470544,NA
1772,0.099028555,NA
1773,1.95386E-05,NA
1774,0.008040739,NA
1775,0.260009365,NA
1776,0.51517505,NA
1777,0.379159003,NA
1778,1.791593352,NA
1779,1.174124029,NA
1780,0.400988233,NA
1781,1.904099745,NA
1782,0.028007047,NA
1783,0.786900407,NA
1784,0.714207824,NA
1785,1.663628536,NA
1786,1.249370684,NA
1787,0.724710902,NA
1788,1.510314055,NA
1789,0.902755254,NA
1790,2.92389981,NA
1791,0.691769915,NA
1792,0.020042237,NA
1793,0.43476934,NA
1794,1.105948179,NA
1795,0.644802857,NA
1796,1.892872658,NA
1797,1.271759236,NA
1798,-0.324526333,NA
1799,2.368556072,NA
1800,1.881445382,NA
1801,-0.291821571,NA
1802,0.969494035,NA
1803,0.017620214,NA
1804,3.871088018,NA
1805,0.148722736,NA
1806,-0.229757537,NA
1807,0.630154741,NA
1808,2.445118037,NA
1809,3.803481809,NA
1810,-0.159914004,NA
1811,-0.186764387,NA
1812,0.747036938,NA
1813,0.174068407,NA
1814,0.378434816,NA
1815,0.412817705,NA
1816,1.149781511,NA
1817,-0.087326334,NA
1818,0.556903264,NA
1819,2.604120727,NA
1820,0.645981659,NA
1821,2.942217852,NA
1822,2.75264502,NA
1823,0.917209952,NA
1824,-0.210874692,NA
1825,1.745755155,NA
1826,-0.172631186,NA
1827,0.980416614,NA
1828,-0.420546576,NA
1829,0.131875335,NA
1830,0.288098283,NA
1831,1.833300733,NA
1832,1.085733135,NA
1833,0.568703851,NA
1834,-0.037264171,NA
1835,0.734146467,NA
1836,1.967042774,NA
1837,1.719491148,NA
1838,1.685782805,NA
1839,1.550199583,NA
1840,1.518153001,NA
1841,0.570602826,NA
1842,0.807559932,NA
1843,1.145036328,NA
1844,0.749809829,NA
1845,0.074664241,NA
1846,1.175104022,NA
1847,0.31221595,NA
1848,1.545812158,NA
1849,0.085250442,NA
1850,2.997657138,NA
1851,1.287979499,NA
1852,0.310165488,NA
1853,0.875009062,NA
1854,1.041875297,NA
1855,2.068538726,NA
1856,-0.322828673,NA
1857,2.116735801,NA
1858,1.195145575,NA
1859,-0.218503672,NA
1860,0.40276155,NA
1861,1.643342122,NA
1862,1.609366366,NA
1863,1.500175899,NA
1864,0.393717317,NA
1865,0.578729901,NA
1866,-0.179047791,NA
1867,-0.148462396,NA
1868,2.359457968,NA
1869,-0.036382958,NA
1870,1.265109919,NA
1871,1.899202286,NA
1872,0.474826267,NA
1873,2.081072407,NA
1874,0.241317193,NA
1875,0.129034474,NA
1876,2.976488874,NA
1877,1.314705823,NA
1878,2.516500105,NA
1879,0.530326644,NA
1880,-0.55139887,NA
1881,-0.116165849,NA
1882,0.127339895,NA
1883,0.880928288,NA
1884,1.2699743,NA
1885,1.646252708,NA
1886,0.531051837,NA
1887,0.796404983,NA
1888,2.596028926,NA
1889,0.709881278,NA
1890,2.12737023,NA
1891,0.974363606,NA
1892,0.487492876,NA
1893,1.37911813,NA
1894,-0.184703928,NA
1895,0.926756116,NA
1896,1.661755038,NA
1897,0.325316343,NA
1898,0.314076399,NA
1899,0.463159706,NA
1900,-0.028600042,NA
1901,0.769152804,NA
1902,0.94141606,NA
1903,1.094038005,NA
1904,1.374255654,NA
1905,1.509807829,NA
1906,1.124032923,NA
1907,1.411399878,NA
1908,3.471788164,NA
1909,0.466035711,NA
1910,-0.230093767,NA
1911,0.116726853,NA
1912,1.050930805,NA
1913,2.657789773,NA
1914,-0.335865016,NA
1915,-0.408896173,NA
1916,0.998348131,NA
1917,0.307621218,NA
1918,0.513873186,NA
1919,1.063506784,NA
1920,-0.188803439,NA
1921,2.008807641,NA
1922,1.277266822,NA
1923,0.877278741,NA
1924,1.55634799,NA
1925,2.795451533,NA
1926,0.189026467,NA
1927,1.707422686,NA
1928,1.541408566,NA
1929,1.446754578,NA
1930,-0.077984759,NA
1931,0.83843857,NA
1932,-0.089105839,NA
1933,1.587675423,NA
1934,0.276655719,NA
1935,0.145112558,NA
1936,1.046589149,NA
1937,2.174904848,NA
1938,0.842435048,NA
1939,1.258658818,NA
1940,1.368880999,0.308936361
1941,0.69863438,1.924613236
1942,0.830886393,-0.10128158
1943,-0.00820425,2.605036373
1944,0.534273942,1.699304928
1945,0.597156932,0.027098646
1946,2.161667766,1.589876781
1947,2.415307112,-1.040348953
1948,0.969133699,1.647385572
1949,0.501145021,0.193615986
1950,1.914125507,2.077371192
1951,0.157856264,0.417491288
1952,0.994870381,1.066602921
1953,0.27149899,1.159475782
1954,1.226489039,1.875791299
1955,1.597437024,2.766291561
1956,1.475668069,0.952201573
1957,0.509919073,0.878987199
1958,0.17176143,-0.120534355
1959,2.878813758,1.217958502
1960,1.53605392,1.136609853
1961,0.58913451,0.392856071
1962,0.282591306,0.528763754
1963,-0.177122377,-0.085731667
1964,1.452272042,1.636681547
1965,-0.189524253,-0.162991857
1966,0.762222409,0.528016274
1967,0.299306232,-0.008160357
1968,0.855830851,1.068843085
1969,2.643632999,3.384425774
1970,2.528113969,3.28449957
1971,0.534313446,0.463093981
1972,2.25967243,2.244486808
1973,1.26976055,1.252374264
1974,-0.174321338,-0.204861428
1975,0.7574617,-0.191449135
1976,1.88252025,1.10937831
1977,-0.093678678,1.293770111
1978,0.900529967,0.438397517
1979,-0.303256613,-0.281501701
1980,0.642253076,0.256556827
1981,0.361474848,0.304038346
1982,0.372973326,0.749478693
1983,0.806538715,0.649032066
1984,2.766661367,2.870756579
1985,2.254032845,2.898839718
1986,1.282305812,1.817199589
1987,0.104664617,0.791394864
1988,0.166462045,-0.273649549
1989,1.394677935,0.819812882
1990,1.20175918,1.013159173
1991,0.810010639,1.1372591
1992,3.20048871,3.035957683
1993,1.00000635,1.348244921
1994,0.051581377,-0.676298954
1995,0.389166981,0.271964632
1996,1.475974643,1.081011848
1997,0.185010428,0.052730579
1998,1.322578743,1.43834443
1999,0.971332156,0.425303744
2000,1.034463934,0.753895828
2001,1.657925393,1.605914626
2002,1.434834976,1.655677293
2003,0.682094776,NA
2004,0.214842489,NA
2005,1.269458772,NA